Most Likely To Work At Alleyn's,,,,
Most Likely To Marry (Couples),,,,
Most Likely To Be a Dulwich mum,,,,
Most Likely To Open the door for you,,,,
Most Likely To Become a cat lady,,,,
Most Likely To Marry into the royal family,,,,
Most Likely To Be a page 3 model,,,,
Most Likely To Fix their Hair in the toilet,,,,
Most Likely To Win an Oscar,,,,
Most Likely To Be arrested,,,,
Most Likely To Have an affair,,,,
Most Likely To Get an ASBO,,,,
Most Likely To Become a WAG,,,,
Most Likely To Live with their Parents,,,,
Most Likely To Win a Nobel prize,,,,
Most Likely To Be on Jeremy Kyle,,,,
Most Likely To Watch Jeremy Kyle in the Common Room,,,,
Most Likely To Be Prime Minister,,,,
Most Likely To Be in a Boy Band,,,,
Most Likely To Be in a Girl Band,,,,
Most Likely To Be on Big Brother,,,,
Most Likely To Be papped naked,,,,
Most Likely To Succeed,,,,
Most Likely To Join the Army,,,,
Most Likely To Get into a fight,,,,
(Least likely to) Get into a fight,,,,
Most Likely To Get ID'd when they're 35,,,,
Most Likely To Still be clubbing when they're 35,,,,
Most Likely To Be behind the scenes,,,,
Most Likely To Chirpse the catering staff,,,,
Most Likely To Move to Albu,,,,
Most Likely To Be knighted,,,,
Most Shots in their coffee,,,,
Most Teenage Angst,,,,
Most Lairy ,,,,
Most Hairy,,,,
Most Gullible,,,,
Most Emotional at parties,,,,
Most Corbyn,,,,
Most Farage,,,,
Most Middle Class,,,,
Most Controversial Twitter,,,,
Most Geez,,,,
Most Intelligent,,,,
Most Orange,,,,
Most Sass,,,,
Most Pious,,,,
Mozart Award for the Most Musical,,,,
Perfect Gentleman,,,,
Chunder Bucket,,,,
Gay Icon,,,,
Biggest Gossip,,,,
Biggest Blonde,,,,
Serial Dater,,,,
Common Room Clown,,,,
First and Last on the Dancefloor,,,,
Biggest Flirt,,,,
Lightweight,,,,
Couple that should've been,,,,
Away with the fairies,,,,
Biggest Moaner,,,,
Biggest Backoff (m),,,,
Biggest Backoff (f),,,,
Best Dressed (m),,,,
Best Dressed (f),,,,
Batmanghelidjh Award for Eccentric Clothing ,,,,
Best Dancer,,,,
King of Blem Squad,,,,
Queen of Blem Squad,,,,
Noisiest,,,,
Dark Horse,,,,
Teacher's Pet,,,,
Biggest Worrier,,,,
Funniest Drunk,,,,
Hardest Worker,,,,
Fivehead,,,,
Worst Common Room Music,,,,
Worst Facebook Activity,,,,
Best Laugh,,,,
The Voice,,,,
Greg Wallace Masterchef,,,,
Mother Hen,,,,
Made in Chelsea,,,,
TOWIE award,,,,
Dynamo,,,,
First to bear kin,,,,
Shanter,,,,
Politburo Award for the most Russian,,,,
Kindest Heart,,,,
Nietzsche (Pearl's of Wisdom),,,,
Model Material,,,,
Outrageous Weave,,,,
Ray Winston Rarce Award,,,,
Easiest Laugh,,,,
Perma-Smile,,,,
Bond,,,,
Strongest Mafia Link,,,,
Best Host,,,,
"Captain, Leader, Legend",,,,
Jock,,,,
Double Act,,,,
Best Accent,,,,
Red Mist,,,,
Look-Alike,,,,
Silver Tongue,,,,
Creatine Award,,,,
Biggest Poser,,,,
Best Snapchat,,,,
Worst Snapchat,,,,
Hot Chocolate and a Panini to go (Most time in Costa),,,,
Bromance,,,,
Rembrandt Award for the most Artistic,,,,
Next Dr Savage,,,,
Maverick,,,,
Che Guevara Revolutionary Award,,,,
Alleyn's Bubble,,,,
Sharpest Wit,,,,